sku,name,description,base_price,category_id,vendor,is_active,stock_quantity,image_url
99529117,"AIR, HAWAIIAN ALOHA, 8.8  PGC97794",,56.64,1,Essendant,1,0,
99530761,TCELL MICROTRANS ODOR NEU RCP402470,,63.64,2,Essendant,1,0,
99520386,JUMBO JR. BATH TISSUE ROL GPC13728,,69.6,2,Essendant,1,0,
99451290,78000017 JBT 700 WHT 12/CS,,28.11,2,R3 San Francisco,1,0,
99451289,78000016 JBT 1000 WHT 12/CS,,44.88,2,R3 San Francisco,1,0,
99019616,141005 BTHTSU 2PLY 1000SHT,,83.79,2,R3 San Francisco,1,0,
99010144,37-630 SPERSFT JRT 9IN,,38.74,2,R3 San Francisco,1,0,
99514643,"BATHROOM TISSUE, STANDARD BWK6145",,67.84,2,Essendant,1,0,
99010127,37423 PLATRLL 1PLY WHT,,61.24,2,R3 San Francisco,1,0,
99019611,10000041 48CS 4x3.5 BTHTSU ROLL 2PLY WHT,,36.75,2,R3 San Francisco,1,0,
99037011,10000040 BTHTSU RLL SML WHT,,52.5,2,R3 San Francisco,1,0,
99451288,1195 SBT2PLYWHT 500 96/CS,,70,2,R3 San Francisco,1,0,
99451287,1194 SBT 2-PLY WHT 96/CS,,40.25,2,R3 San Francisco,1,0,
99396723,"""BATTERY,PROCELL,D,12/BOX""",,21.94,2,Essendant,1,0,
99517771,PROCELL ALKALINE AAA BATT DURPC2400BKD,,17.99,2,Essendant,1,0,
99396724,"""BATTERY,PROCELL,C,12/BOX""",,17.64,2,Essendant,1,0,
99530361,ULTRA PRO ALKALINE AA BAT RAYALAA24PPJ,,14.84,2,Essendant,1,0,
99517769,PROCELL ALKALINE AA BATTE DURPC1500BKD,,15.22,2,Essendant,1,0,
99016188,TY-S8 DELICONT W/LID 8OZ,,29.44,2,R3 San Francisco,1,0,
99016189,TY-S16 DELICONT W/LID 16OZ,,46.36,2,R3 San Francisco,1,0,
99016187,TY-S12 DELICONT W/LID 12OZ,,32.48,2,R3 San Francisco,1,0,
99020542,TY-R24 RNDCMBO BLK CLR 24OZ,,23.86,2,R3 San Francisco,1,0,
99020538,TY-R32 RNDCMBO BLK CLR 32OZ,,25.4,2,R3 San Francisco,1,0,
99020452,TY-R40 RNDCMBO BLK CLR 40OZ,,30.95,2,R3 San Francisco,1,0,
99013360,4690911 HNGDCNTR 39OZ 9X9,,70.56,2,R3 San Francisco,1,0,
99020454,E-16 RECCMBO BLK CLR 16OZ,,20.78,2,R3 San Francisco,1,0,
99058919,4699610 1COMPLID HNGD 2/50CS,,88.1,2,R3 San Francisco,1,0,
99455677,TY-38PE RECTANGLE FOOD CONTR 38-OZ 150/1,,33.88,2,R3 San Francisco,1,0,
99520657,LOW-DENSITY REPRO CAN LIN HERX7658QK,,73.98,2,Essendant,1,0,
99514604,LOW DENSITY REPRO CAN LIN BWK526,,66.34,2,Essendant,1,0,
99031054,78000231 LDPE 60 GAL BLK 1.5 MIL LNR,,40.64,2,R3 San Francisco,1,0,
99031055,78000258 LDPE 40/45 GAL BLK 1.5 MIL LNR,,33.97,2,R3 San Francisco,1,0,
99031059,78000278 LLDPE 56 GAL BLK 1.3 MIL LNR,,34.27,2,R3 San Francisco,1,0,
99514607,LOW DENSITY REPRO CAN LIN BWK530,,35.69,2,Essendant,1,0,
99019617,Z6640HN R02 CANLNR ROLL NAT,,54.21,2,R3 San Francisco,1,0,
99520620,LINEAR LOW-DENSITY CAN LI HERH4832HK,,68.77,2,Essendant,1,0,
99031058,X6639AK 33 GAL BLK 1.5 MIL LNR,,26.59,2,R3 San Francisco,1,0,
99019620,X6438SK2 CANLNER 32X38 BLCK,,15.3,2,R3 San Francisco,1,0,
99030421,LINR 33GAL 1MIL NAT 150CS PITPCRL3339XHN,,32.7,2,Essendant,1,0,
99019621,X7845SK2X01 CANLNER 39X45 BLCK,,22.66,2,R3 San Francisco,1,0,
99019619,X7456PK2 CANLNER 37X56 BLCK,,32,2,R3 San Francisco,1,0,
99019614,Z4833LN R01 CANLNER ROLCLR 24X33,,40.95,2,R3 San Francisco,1,0,
99031067,X7658QK LDPE 55/60 GAL BLK 2 MIL LNR,,51.5,2,R3 San Francisco,1,0,
99030307,LINER 16GAL 1MIL BLK 150/CS BWK510,,20.49,2,Essendant,1,0,
99514595,LOW DENSITY REPRO CAN LIN BWK519,,49.67,2,Essendant,1,0,
99030377,LINR 45GAL .8MIL BLU 250CS HERL8046TXER1,,68.71,2,Essendant,1,0,
99514709,INDUSTRIAL STRENGTH POT A BWK77128,,57.58,2,Essendant,1,0,
99538885,HIGH TRAFFIC CARPET CLEAN ZPEZUHTC128CT,,58.77,2,Essendant,1,0,
99013058,75000350 PB BLCHGERM 1GL 6%,,27.03,2,R3 San Francisco,1,0,
99530840,COMMERCIAL-GRADE TOILET B RCP6320,,8.95,2,Essendant,1,0,
99394434,82001 LEMON FORCE NEUTRALCLEANER 1-GAL,,39.97,2,R3 San Francisco,1,0,
99514858,"GRILL BRICK, 8 X 4, BLACK BWKGB12PC",,32.89,2,Essendant,1,0,
99394405,80701 CHMCRFT PINE CLNRMULTI-PURP 1-GL,,27.67,2,R3 San Francisco,1,0,
99057868,CLEANER TOILET POWER,,43.5,2,Essendant,1,0,
99517811,BEER CLEAN LAST RINSE GLA DVO90223,,46.81,2,Essendant,1,0,
99450950,77182 80CT LYSL DISINF WIPESCITRUS 6/CS,,56.72,2,R3 San Francisco,1,0,
99517850,PERDIEM CONCENTRATED GENE DVO95019481,,91.99,2,Essendant,1,0,
99394433,91001 SANI 10 SANITIZER4/CS,,67.16,2,R3 San Francisco,1,0,
99394410,60001S CHMCRFT DISHDTRGNT 1-GL 4/CS,,31.28,2,R3 San Francisco,1,0,
99444995,91101 GL LEM DISNFCTNT CLNR CONC 4/CS,,40.61,2,R3 San Francisco,1,0,
99075760,"""CLEANER,WINDEX GLASS,BE, SJN322338""",,41.29,2,Essendant,1,0,
99456104,62605 WRWSH LQDBLU1SOL 5GL,,27.43,2,R3 San Francisco,1,0,
99456105,62705 WRWSH LQDBLU2SOL 5GL,,35.3,2,R3 San Francisco,1,0,
99012699,"""DISH DETERGENT ORIGINAL, 4/CT PGC57445C",,109.71,2,Essendant,1,0,
99533236,GLASS CLEANER WITH AMMONI SJN696503,,54.89,2,Essendant,1,0,
99515245,CHAMPION SPRAYON STAINLES CHP5197,,76.11,2,Essendant,1,0,
99524535,"LIQUID BLEACH, 1GAL BOTTL KIKBLEACH6",,26.74,2,Essendant,1,0,
99010505,"""MICROBAN AEROSOL SPRAY, CITRUS 15OZ 6/C",,39.37,2,Essendant,1,0,
99394406,50801-S PINK LOTION HAND SOAP1-GAL   CHE,,26.98,2,R3 San Francisco,1,0,
99519716,BIO CONQUEROR 105 ENZYMAT FRS1232BWBCMF,,87.32,2,Essendant,1,0,
99010511,"""CLEANER,MULT-PUPROSE,4-1G""",,49.74,2,Essendant,1,0,
99538139,"FOAMING GLASS CLEANER, 19 WMN10CT",,42.36,2,Essendant,1,0,
99456106,61105 SOL3 SANI 5GL,,47.16,2,R3 San Francisco,1,0,
99010554,"""WIPES,GE,FIGHT,BAC,4/CT""",,156.32,2,Essendant,1,0,
99523187,CLEAR REFLECTIONS MIRROR  ITW38520,,87.51,2,Essendant,1,0,
99394417,3700057445 GAL DAWN POT&PAN DISH SOAP,,94,2,R3 San Francisco,1,0,
99059074,BWC16-D98 CLDCP 16OZ 98MM CLR,,57.61,2,R3 San Francisco,1,0,
99059075,BWC14-D98 CLDCP 12OZ 98MM CLR,,56.28,2,R3 San Francisco,1,0,
99059066,BWLIDF98SS FLTLID WHLE 98MM CLR,,38.85,2,R3 San Francisco,1,0,
99055648,3933 SPSPOON BLK 1000/CS,,20.02,2,R3 San Francisco,1,0,
99392338,3942 TEASPOON P/P HVY WT WHITE,,38.19,2,R3 San Francisco,1,0,
99076107,U2200 CUT KIT H-WGT BLK,,29.33,2,R3 San Francisco,1,0,
99350484,FORK BLACK CS/1000 1000/CS,,43.55,2,R3 San Francisco,1,0,
99435242,ECO16DELI-PP DELCNTNR 16OZ 500/CS,,43.57,2,R3 San Francisco,1,0,
99435239,FP-DC12 DELICNTNR 12OZ 10/50,,51.84,2,R3 San Francisco,1,0,
99394401,37750 2PLY FACIAL TISSUE,,29.55,2,R3 San Francisco,1,0,
99435285,7309422 PRTYWRP FILM 2000/RL,,23.98,2,R3 San Francisco,1,0,
99350579,18X2000 FOODSERVICE FILM CS/1,,33.28,2,R3 San Francisco,1,0,
99435286,7309482 PRTYWRP FILM 2000/RL,,31.93,2,R3 San Francisco,1,0,
99016838,8SJ20 FOAMCONT XTRA 8OZ,,77.45,2,R3 San Francisco,1,0,
99516933,"FOAM DRINK CUPS, HOT/COLD DCC24J16",,73.75,2,Essendant,1,0,
99516945,"FOAM DRINK CUPS, 32OZ, WH DCC32TJ32",,75.12,2,Essendant,1,0,
99016753,32TJ32 TLL FOANCUP WH 32OZ,,82.03,2,R3 San Francisco,1,0,
99516929,"PLASTIC LIDS, FOR 8, 12,  DCC20JL",,44.9,2,Essendant,1,0,
99516950,"PLASTIC LIDS, FITS 24-32O DCC48JL",,40,2,Essendant,1,0,
99011902,"""LID FOR FOAM CUPS, 32-60 OZ, 1000/CT""",,118.4,2,Essendant,1,0,
99059079,7601009 HD FLALUM 18X500,,36.3,2,R3 San Francisco,1,0,
99522565,SAVADAY MOLDED FIBER FOOD HUH10405CT,,133.44,2,Essendant,1,0,
99514398,"PAPER FOOD BASKETS, 3LB C BWK30LAG300",,35.62,2,Essendant,1,0,
99514397,"PAPER FOOD BASKETS, 2LB C BWK30LAG200",,45.94,2,Essendant,1,0,
99350571,3 LB RED PLAID FOOD TRAY CS/500,,40.8,2,R3 San Francisco,1,0,
99350570,2 LB RED PLAID FOOD TRAY CS/1000,,48.95,2,R3 San Francisco,1,0,
99031549,FOOD WRAP 12X12 NATRL 5000/CT PDHWG01009,,108.21,2,Essendant,1,0,
99350581,12X12 NATURAL SANDWICH WRAP CS/50000,,114.56,2,R3 San Francisco,1,0,
99514846,HEAVYWEIGHT POLYPROPYLENE BWKFORKHWPPBLA,,20.05,2,Essendant,1,0,
99054961,EM-PFNGM PF NITRILGLV M BLK,,39.96,2,R3 San Francisco,1,0,
99516361,NINJA FLEX LATEX COATED P CRWN9680L,,45.89,2,Essendant,1,0,
99054960,EM-PFNGS PF NITRILGLV SM BLK,,40.56,2,R3 San Francisco,1,0,
99058922,BZ-V6MILL SH BLKNIT L 10/100CS,,76.07,2,R3 San Francisco,1,0,
99455667,BZ-30954 VINYL SAFEHAND GLOVE XLG 10/100,,24.32,2,R3 San Francisco,1,0,
99455666,BZ-30930 VINYL SAFEHAND GLOVE LG 10/100,,25.35,2,R3 San Francisco,1,0,
99455692,BZ-30916 SAFEHAND VINYL PF MD,,24.09,2,R3 San Francisco,1,0,
99455665,BZ-30893 VINYL SAFEHAND GLOVE SM 10/100,,23.8,2,R3 San Francisco,1,0,
99057386,BZ-30794 SH PF BLU XL 10/100,,37.03,2,R3 San Francisco,1,0,
99054963,EM-PFNGXL PF NITRILGLV XL BLK,,40,2,R3 San Francisco,1,0,
99057384,BZ-30756 SH PF BLU M 10/100,,36.84,2,R3 San Francisco,1,0,
99057385,BZ-30770 SH PF BLU LG 10/100,,39.13,2,R3 San Francisco,1,0,
99016802,AMMEX VINYL CLR 3MM XL 1KCS AXCGPX348100,,25.76,2,Essendant,1,0,
99016782,AMMEX NIT BLK 3MIL M 1K/CS AXCABNPF44100,,41.97,2,Essendant,1,0,
99016822,AMMEX LATEX IVRY 4MIL M 1KCS AXCTLF44100,,57.4,2,Essendant,1,0,
99016783,AMMEX NIT BLK 3MIL L 1K/CS AXCABNPF46100,,42.85,2,Essendant,1,0,
99054962,EM-PFNGL PF NITRILGLV L BLK,,38.21,2,R3 San Francisco,1,0,
99016781,AMMEX NIT BLK 3MIL S 1K/CS AXCABNPF42100,,41.85,2,Essendant,1,0,
99016784,AMMEX NIT BLK 3MIL XL 1KCS AXCABNPF48100,,41.85,2,Essendant,1,0,
99057383,BZ-30732 SH PF BLU SM 10/100,,37.8,2,R3 San Francisco,1,0,
99392331,C5300 COFFEE JACKET KRAFT 1000/CS,,48.06,2,R3 San Francisco,1,0,
99010056,DISINFECTANT SPRAY 19OZ 12/CT RAC04675CT,,146.99,2,Essendant,1,0,
99350470,12/16/20 OZ BLACK LID CS/1000,,49.45,2,R3 San Francisco,1,0,
99019622,JHS10-20 CUPSLV 10-20OZ JVA,,21.35,2,R3 San Francisco,1,0,
99523098,"SOFT-SIDED WASTEBASKET, R IMP77035",,16.72,2,Essendant,1,0,
99531023,INVADER FIBERGLASS SIDE-G RCPH146,,23.84,2,Essendant,1,0,
99528926,MAGIC ERASER EXTRA DURABL PGC16449,,55.04,2,Essendant,1,0,
99515607,"STEEL WOOL SOAP PAD, 15 P CLO88320CT",,79.12,2,Essendant,1,0,
99537403,TOILET BOWL RING REMOVER  UPMJAN6,,45.39,2,Essendant,1,0,
99514786,"BOWL CLIP, CUCUMBER MELON BWKCLIPCME",,38.91,2,Essendant,1,0,
99530814,CAUTION WET FLOOR FLOOR S RCP611277YW,,15.41,2,Essendant,1,0,
99514253,"CONE BOWL MOP, 10"" HANDLE BWK00170EA",,3,2,Essendant,1,0,
99394484,6-PSUM-F P-SHIELD URIN MATURIN MAT,,71.78,2,R3 San Francisco,1,0,
99514263,"TOILET PLUNGER, 18"" PLAST BWK09201",,33.54,2,Essendant,1,0,
99394446,S/S POT SCRUBBER 50G STAINLESS434PP,,47.8,2,R3 San Francisco,1,0,
99030047,"""MOP HEAD LARGE, BLUE, 6/CT RCPD253BLU""",,64.15,2,Essendant,1,0,
99514260,"LOBBY DUST PAN, PLASTIC/A BWK02600",,21.94,2,Essendant,1,0,
99514755,"ANGLER BROOM, PLASTIC BRI BWK932AEA",,11.92,2,Essendant,1,0,
99516015,"BAND/STRAP KNIFE, BLACK COS091482",,3.7,2,Essendant,1,0,
99536182,AQUADOZER HEAVY-DUTY SQUE UNGFP60C,,55.09,2,Essendant,1,0,
99350539,8/12/16 OZ FOOD CONTAINER LID CS/1000,,44.49,2,R3 San Francisco,1,0,
99524242,"L10 WINDSHIELD WIPERS, BA KCC05120",,87.59,2,Essendant,1,0,
99057780,PAPER KRT 11X6 12RL/CT WH,,32.55,2,Essendant,1,0,
99521561,RECYCLED ONE-COLOR REFILL HOD124,,11.9,2,Essendant,1,0,
99532861,160 DEGREE CONVEX SECURIT SEEN18,,78.17,2,Essendant,1,0,
99057785,NAPKINS INTERFOLD BRKR,,33.03,2,Essendant,1,0,
99394461,DX906E NATURAL XPRESSNAP DISP,,78.03,2,R3 San Francisco,1,0,
99526843,"MORSOFT DINNER NAPKINS, 2 MOR3466",,53.14,2,Essendant,1,0,
99394462,DX900 XPRESSNAP DISP. NAPKIN,,78.32,2,R3 San Francisco,1,0,
99526845,VALAY INTERFOLDED NAPKINS MOR4545VN,,32.41,2,Essendant,1,0,
99055640,78000326 2PLY DNRNAP 1/8FLD WHT,,39.96,2,R3 San Francisco,1,0,
99076106,17800580A BEV NAP 1/4FLD BLK,,44.35,2,R3 San Francisco,1,0,
99020525,10000017 DINNAP 3PLY WHT,,41.38,2,R3 San Francisco,1,0,
99010126,15x17 DIN NAP PREM 1PLY,,52.25,2,R3 San Francisco,1,0,
99529197,G2 PRO RETRACTABLE GEL PE PIL31147,,4.79,2,Essendant,1,0,
99396794,"""PEN,RBALL,RT,G2,GEL,XF,BK""",,21.13,2,Essendant,1,0,
99532270,"EXTREME MARKER, FINE BULL SAN1927432",,29.88,2,Essendant,1,0,
99532388,"TANK STYLE HIGHLIGHTERS,  SAN25025",,11.55,2,Essendant,1,0,
99523364,GEL MOUSE PAD W/WRIST RES IVR51450,,8.4,2,Essendant,1,0,
99059060,4892904 1/3 MLTFLD 9.05X9.25 VIRG WHT,,27.9,2,R3 San Francisco,1,0,
99435269,78000008 R/C KRT ROLL TOWELPPR 11X7.8 85,,38.34,2,R3 San Francisco,1,0,
99526876,MORSOFT UNIVERSAL ROLL TO MORW6800,,38.58,2,Essendant,1,0,
99397166,1540A8 SCTT 9.25X9.4 16/250,,52.64,2,R3 San Francisco,1,0,
99451282,1185 HWRLLTWL WHT 6/CS,,35.58,2,R3 San Francisco,1,0,
99451286,1177 MLTIFLD WHT 250SHTS,,26.5,2,R3 San Francisco,1,0,
99451285,1176 MLTIFLD TWL 250SHT,,36.43,2,R3 San Francisco,1,0,
99394486,10000054 1/2 FOLD SEAT CVR,,33.8,2,R3 San Francisco,1,0,
99030178,10000048 MTFLD TWL WHT,,27.13,2,R3 San Francisco,1,0,
99451284,1187 CNTRPLL 600SHT 6/CS,,33.76,2,R3 San Francisco,1,0,
99514651,"SINGLEFOLD PAPER TOWELS,  BWK6210",,28.56,2,Essendant,1,0,
99037012,10000004 HWRLL TELPPR WHT,,36.32,2,R3 San Francisco,1,0,
99514660,HOUSEHOLD PERFORATED PAPE BWK6272,,49.39,2,Essendant,1,0,
99451280,1183 RLLTWL WHT800 6/CS,,39.08,2,R3 San Francisco,1,0,
99451281,1184 RLLTWL KFT800 6/CS,,32.73,2,R3 San Francisco,1,0,
99010130,37-601 T500 SHTS PLAT I,,66.29,2,R3 San Francisco,1,0,
99055654,424824 HNDTOWEL MLTIFOLD,,47.84,2,R3 San Francisco,1,0,
99514966,ROUND ALUMINUM TO-GO CONT BWKROUND7,,47.76,2,Essendant,1,0,
99028207,"""ALUMNUM DOME LID 7"""" 500/CT BWKROUND7CL",,25.67,2,Essendant,1,0,
99391903,12IN HOT FRESH PRN ?PIZZZA BOX KRFT 50/1,,26.52,2,R3 San Francisco,1,0,
99391904,16IN HOT FRESH PRN ?PIZZZA BOX KRFT 50/1,,36.73,2,R3 San Francisco,1,0,
99013366,ECORP10N-SC MLDEDFBR PLTE 10IN,,62,2,R3 San Francisco,1,0,
99013362,ECORP9N-SC MLDEDFBR PLTE 9IN,,43.6,2,R3 San Francisco,1,0,
99014239,PURELL HNDSANTIZR 12OZ 12/CT GOJ365912CT,,107.39,2,Essendant,1,0,
99350527,2 OZ BLACK SOUFFLE CUP CS/2500 10/250,,33.78,2,R3 San Francisco,1,0,
99059110,PE200 PORCUP 2OZ CLR,,27.36,2,R3 San Francisco,1,0,
99059106,PE400 PORCUP 4OZ CLR,,63.17,2,R3 San Francisco,1,0,
99350524,2 OZ TRANSLUCENT SOUFFLE CUP CS/2500,,36.22,2,R3 San Francisco,1,0,
99029993,34336B PORCUP CLR 4OZ BK,,43.64,2,R3 San Francisco,1,0,
99514965,"SOUFFL?/PORTION CUPS, 2 O BWKPRTN2BL",,37.19,2,Essendant,1,0,
99019412,PORTION CUP 4OZ BLACK 2.5/KCT BWKPRTN4BL,,57.74,2,Essendant,1,0,
99029989,34334B PORCUP CLR 2OZ,,22.27,2,R3 San Francisco,1,0,
99059102,PEL74 POLD CLR 74MM PET,,41.44,2,R3 San Francisco,1,0,
99059104,PEL62 PORLD 62MM 1.5/2.5OZ,,24.06,2,R3 San Francisco,1,0,
99350531,2 OZ CLEAR LID CS/2500 20/125,,30.79,2,R3 San Francisco,1,0,
99392343,HOT/COLD FOOD CONTAINER 16-OZ,,64.13,2,R3 San Francisco,1,0,
99392342,HOT/COLD FOOD CONTAINER 12-OZ,,58.21,2,R3 San Francisco,1,0,
99435237,75000864 PPRFDCNTNR 8OZ 20/25,,50.88,2,R3 San Francisco,1,0,
99392344,75000868 LID PAPER 8/12/16-OZ,,69.72,2,R3 San Francisco,1,0,
99514998,HEAVYWEIGHT POLYPROPYLENE BWKTEAHWPPBLA,,20.03,2,Essendant,1,0,
99514972,HEAVYWEIGHT POLYPROPYLENE BWKSOUPHWPPWH,,19.59,2,Essendant,1,0,
99059087,7602035 STMPN ALUM 52G FULL,,73.07,2,R3 San Francisco,1,0,
99514912,HALF SIZE ALUMINUM STEAM  BWKLIDSTEAMHF,,18,2,Essendant,1,0,
99059089,7602013 STMPN ALUM 35G HLF,,51.63,2,R3 San Francisco,1,0,
99350496,5.75IN BLK JUMBO STRAW UN CS/2500,,25.86,2,R3 San Francisco,1,0,
99350499,7.75IN CLEAR JUMBO STRAW  CS/12000,,105.74,2,R3 San Francisco,1,0,
99514970,"COCKTAIL STRAWS, 8"", BLAC BWKSLSTUBL",,22.48,2,Essendant,1,0,
99392998,JU10500L JUMBO STRAW 7.75IN BLKUNWRAPPED,,54.85,2,R3 San Francisco,1,0,
99522744,THANK YOU HANDLED T-SHIRT IBSTHW1VAL,,22.46,2,Essendant,1,0,
99529002,"PEARL TAMPONS, REGULAR, 3 PGC71127",,146.62,2,Essendant,1,0,
99529003,"PEARL TAMPONS, REGULAR, 3 PGC71127BX",,14.25,2,Essendant,1,0,
99528997,"ULTRA THIN PADS, SUPER LO PGC59874",,62.8,2,Essendant,1,0,
99350546,8.25X8X3 WHT HINGED LID CS/200 2/100,,31.5,2,R3 San Francisco,1,0,
99350544,SMALL ALL PURPOSE HINGED LID CS/200,,33.6,2,R3 San Francisco,1,0,
99059091,993PP1C 1CMPT 9X9X3 CLRHNG,,53.41,2,R3 San Francisco,1,0,
99435278,4669911 CULIN 9X91-CMPT BLK BAS HNGD,,67.9,2,R3 San Francisco,1,0,
99350547,9X9 WHT 3 COMP HINGED LID CS/200,,33.6,2,R3 San Francisco,1,0,
99350548,9X9 WHITE HINGED LID CS/200  2/100,,33.6,2,R3 San Francisco,1,0,
99350553,8X8 WHT 3 COMP HINGED LID CS/200,,31.5,2,R3 San Francisco,1,0,
99013359,ECOHC96N-SC HOAGI MOLDED FBT 9X6,,48.3,2,R3 San Francisco,1,0,
99013356,ECOHC6N-SC CLMSHLL FRMLDED 6IN,,49.25,2,R3 San Francisco,1,0,
99031241,ECOHC6WH-MF 1HNGDCMT 6X6 WHT,,27.93,2,R3 San Francisco,1,0,
99031245,ECOHC96WH-MF HNGDCMT 9X6 WHT 1CMP,,24.75,2,R3 San Francisco,1,0,
99013352,ECOHC9N-SC CLMSHLL FRMLDED 9IN,,45.01,2,R3 San Francisco,1,0,
99031243,ECOHC9WH-MF 1HNGDCMT 9X9 WHT,,38.15,2,R3 San Francisco,1,0,
99392992,963PP1C 1-CMPT HINGD CONTR MFPP 9X6X3 WH,,42.67,2,R3 San Francisco,1,0,
99392996,993PP1C 1-CMPT HNGD HVY/WT MFPP 9X9X3 WH,,47.45,2,R3 San Francisco,1,0,
99350551,5.75X5.75X3.13 L WH SNDWCH LID CS/500,,38.5,2,R3 San Francisco,1,0,
99059094,663PP1C 1CMPT 6X6X3D CLRHNG,,69.66,2,R3 San Francisco,1,0,
99392993,663PP1C 1-CMPT HNGD HVY/WT MFPP 6X6X3 WH,,41.26,2,R3 San Francisco,1,0,
99519742,WAVE 3D URINAL DEODORIZER FRS3WDS60CME,,36.92,2,Essendant,1,0,
99519739,WAVE 3D URINAL DEODORIZER FRS3WDS60CBLBX,,52.46,2,Essendant,1,0,
99059116,BBK-3 FLDPPR CONT #3 KR,,53.88,2,R3 San Francisco,1,0,
99435231,100-1980070760-3 ZPLOCSTOR 2GL 100/BX,,37.9,2,R3 San Francisco,1,0,
99435235,100-2570071377-4 ZPLOCFRZR GL 250/BX,,33.58,2,R3 San Francisco,1,0,
99435233,100-1980070763-4 ZIPLOC QRT 500/BX,,45.05,2,R3 San Francisco,1,0,
99435234,100-1980070764-1 ZIPLOC GL 250/BX,,36.81,2,R3 San Francisco,1,0,
99350583,4 LB KRAFT GROCERY BAG CS/5001/500,,16.95,3,R3 San Francisco,1,0,
99350586,12 LB KRAFT GROCERY BAG CS/5001/500,,36.58,3,R3 San Francisco,1,0,
99394400,409400 SANITARY NAPKIN BAGDRY WAXED 7.5X,,29.58,3,R3 San Francisco,1,0,
99075776,"""BAG,ZIPLOC FREEZER 2 GAL, SJN682254""",,57.35,3,Essendant,1,0,
